eid	id	sp	tissue	depth_col	temp_col	frac_molar	file_data	chain	dbond	satcl	stds_mix	n_stds	n_scans	roi	conc_mass	mass_mol	conc_molar	CAS	conflict	ion_coeff	intb_max	snr	mz	rt_min	rt_max	into	intb	intensity
JWL0061	C17:1-ME	Lamp_crue	whole	546.67	5.89	0.029347019538173872	/Users/jwinnikoff/Documents/MBARI/Lipids/GCMSData/cdf/20200214/JWL61_blanked.mzxml	17	1	MUFA	Supel37	34	70	13	0.2	282.46	56.492	75190-82-8	NA	0.4849451886267913	1927033.0744933381	169.9300118623962	55	12.816116666666666	12.993500000000001	583929.8579687516	565985.7599687516	286502
JWL0097	C17:0-ME	Boli_vitr	whole	10	28	0.08064202233090319	/Users/jwinnikoff/Documents/MBARI/Lipids/GCMSData/cdf/20200609/JWL97_blanked.mzxml	17	0	SFA	Supel37	34	75	12	0.2	284.48	56.896	1731-92-6	NA	1.2406891744498716	4956396.328999992	48.43037974683544	74	12.598899999999999	12.69045	14386.167000000136	13518.273000000128	7652
JWL0115	C15:1-ME	Pleu_bach	whole	10	13.22	0.024657253412510023	/Users/jwinnikoff/Documents/MBARI/Lipids/GCMSData/cdf/20200612/JWL115_blanked.mzxml	15	1	MUFA	Supel37	34	70	9	0.2	254.41	50.882	90176-52-6	NA	0.6647143795197128	2230898.1065573795	7.033236020660229	55	11.174000000000001	11.231216666666667	35072.38624999992	27428.81174999994	15659.5
JWL0140	C15:0-ME	Bath_fost	whole	2850.43	1.66	0.22453928771654008	/Users/jwinnikoff/Documents/MBARI/Lipids/GCMSData/cdf/20200612/JWL140_blanked.mzxml	15	0	SFA	Supel37	34	75	8	0.2	256.42	51.284	7132-64-1	NA	1.4436174756230737	4850387.390936708	7463	74	10.65895	10.790566666666667	22805.713395833147	22805.713395833147	7463
