CTE_Ocyropsis_crystallina2|v8-043909	2537	2395.32	0	0
CTE_Ocyropsis_crystallina2|v8-053814	2205	2063.32	52.5479	0.539262
CTE_Ocyropsis_crystallina2|v8-053816	2237	2095.32	489.822	4.94992
CTE_Pleurobrachia_pileus1|v8-094352	339	135.665	17.7075	4.82316
CTE_Pleurobrachia_pileus1|v8-149442	1678	1464.8	78.4745	1.97966
CTE_Pleurobrachia_pileus1|v8-185130	1337	1123.8	36.2477	1.19188
CTE_Pleurobrachia_pileus1|v8-185131	2381	2167.8	127.571	2.17457
CTE_Pleurobrachia_pileus1|v8-192912	1101	887.803	61	2.53895
CTE_Tjalfiella_pink1|v8-123368	708	428.831	7	0.117629
