CTE_Bolinopsis_infundibulum1|v8-00870	790	567.037	31	2.40047
CTE_Bolinopsis_infundibulum2|v8-43321	478	347.914	13.8993	0.768325
CTE_Bolinopsis_infundibulum2|v8-43322	549	418.769	38.1586	1.75244
CTE_Bolinopsis_infundibulum2|v8-74232	726	595.722	104.187	3.36352
CTE_Bolinopsis_infundibulum2|v8-74234	803	672.722	27.2935	0.780276
CTE_Bolinopsis_infundibulum3|v8-085570	1125	896.939	53.622	1.92482
CTE_Cestum_veneris1|v8-008568	810	551.248	224	11.508
CTE_Deiopea_kaloktenota1|v8-69230	403	168.657	7	1.72878
CTE_Eurhamphaea_vexilligera1|v8-055142	876	597.473	35	1.31943
