CTE_Beroe_forskalii2|v8-186397	627	421.5	0	0
CTE_Cydippid_spgold1|v8-037855	1561	1326.17	484	3.08571
CTE_Pleurobrachia_pileus1|v8-101830	305	111.093	7	2.32838
